{
    "dataset": "code_search_net_python",
    "train_samples": 5000.0,
    "valid_samples": 500.0,
    "sequence_length": 512.0,
    "preprocessing_time": 5.967649221420288,
    "timestamp": "2025-04-19T20:54:09.660534"
}