{
    "epoch_losses": [
        2.0163191010554633,
        1.7061410848183924,
        1.6058063885154847
    ],
    "final_loss": 1.6058063885154847,
    "training_time": 467.667840719223,
    "device_used": "mps",
    "vocab_size": 104.0,
    "num_batches": 4944.0,
    "batch_size": 64.0,
    "dataset": "writing_prompts",
    "model_type": "text",
    "timestamp": "2025-04-19T23:39:52.847209",
    "training_progress": [
        {
            "epoch": 1,
            "loss": 2.0163191010554633,
            "time_elapsed": 155.6484968662262
        },
        {
            "epoch": 2,
            "loss": 1.7061410848183924,
            "time_elapsed": 311.99700474739075
        },
        {
            "epoch": 3,
            "loss": 1.6058063885154847,
            "time_elapsed": 467.66783380508423
        }
    ],
    "learning_rates": null,
    "model_config": {
        "hidden_size": 256.0,
        "num_layers": 3.0,
        "learning_rate": 0.002,
        "clip_value": 5.0,
        "use_scheduler": 0.0
    }
}